timestamp,temperature_C,voltage_V,current_A
2025-11-02 14:00:00,24.9,12.597,0.453
2025-11-02 14:00:05,24.92,12.6,0.554
2025-11-02 14:00:10,24.67,12.585,0.506
2025-11-02 14:00:15,25.02,12.593,0.49
2025-11-02 14:00:20,25.02,12.547,0.615
2025-11-02 14:00:25,25.41,12.589,0.472
2025-11-02 14:00:30,25.12,12.568,0.615
2025-11-02 14:00:35,25.64,12.583,0.585
2025-11-02 14:00:40,25.53,12.6,0.596
2025-11-02 14:00:45,25.22,12.6,0.63
2025-11-02 14:00:50,25.37,12.6,0.693
2025-11-02 14:00:55,25.75,12.576,0.602
2025-11-02 14:01:00,25.46,12.6,0.615
2025-11-02 14:01:05,25.68,12.579,0.639
2025-11-02 14:01:10,25.85,12.6,0.605
2025-11-02 14:01:15,25.9,12.569,0.63
2025-11-02 14:01:20,25.88,12.574,0.597
2025-11-02 14:01:25,25.67,12.579,0.622
2025-11-02 14:01:30,25.95,12.6,0.753
2025-11-02 14:01:35,25.74,12.6,0.784
2025-11-02 14:01:40,26.16,12.57,0.729
2025-11-02 14:01:45,25.89,12.6,0.776
2025-11-02 14:01:50,25.77,12.6,0.694
2025-11-02 14:01:55,26.15,12.588,0.772
2025-11-02 14:02:00,26.11,12.588,0.713
2025-11-02 14:02:05,26.55,12.554,0.822
2025-11-02 14:02:10,26.41,12.576,0.764
2025-11-02 14:02:15,26.3,12.593,0.735
2025-11-02 14:02:20,26.34,12.589,0.759
2025-11-02 14:02:25,26.37,12.6,0.855
2025-11-02 14:02:30,26.79,12.6,0.748
2025-11-02 14:02:35,26.79,12.6,0.819
2025-11-02 14:02:40,26.24,12.6,0.735
2025-11-02 14:02:45,26.71,12.6,0.781
2025-11-02 14:02:50,26.84,12.56,0.817
2025-11-02 14:02:55,26.56,12.59,0.733
2025-11-02 14:03:00,27.01,12.573,0.829
2025-11-02 14:03:05,26.82,12.6,0.82
2025-11-02 14:03:10,26.64,12.6,0.823
2025-11-02 14:03:15,26.92,12.6,0.757
2025-11-02 14:03:20,26.82,12.571,0.875
2025-11-02 14:03:25,27.09,12.567,0.804
2025-11-02 14:03:30,27.2,12.58,0.74
2025-11-02 14:03:35,27.07,12.6,0.805
2025-11-02 14:03:40,26.82,12.6,0.73
2025-11-02 14:03:45,27.33,12.6,0.796
2025-11-02 14:03:50,26.84,12.6,0.812
2025-11-02 14:03:55,27.16,12.6,0.803
2025-11-02 14:04:00,27.41,12.599,0.706
2025-11-02 14:04:05,27.29,12.593,0.824
2025-11-02 14:04:10,27.25,12.599,0.79
2025-11-02 14:04:15,27.77,12.579,0.745
2025-11-02 14:04:20,27.67,12.595,0.762
2025-11-02 14:04:25,27.88,12.575,0.813
2025-11-02 14:04:30,27.81,12.6,0.683
2025-11-02 14:04:35,27.73,12.588,0.707
2025-11-02 14:04:40,27.76,12.6,0.745
2025-11-02 14:04:45,27.96,12.6,0.695
2025-11-02 14:04:50,28.17,12.591,0.735
2025-11-02 14:04:55,27.8,12.6,0.688
2025-11-02 14:05:00,27.98,12.6,0.676
2025-11-02 14:05:05,28.1,12.598,0.728
2025-11-02 14:05:10,27.85,12.599,0.613
2025-11-02 14:05:15,28.34,12.6,0.641
2025-11-02 14:05:20,28.35,12.598,0.574
2025-11-02 14:05:25,28.07,12.589,0.591
2025-11-02 14:05:30,28.34,12.569,0.625
2025-11-02 14:05:35,28.39,12.6,0.576
2025-11-02 14:05:40,28.21,12.591,0.61
2025-11-02 14:05:45,28.15,12.6,0.607
2025-11-02 14:05:50,28.45,12.574,0.658
2025-11-02 14:05:55,28.11,12.6,0.605
2025-11-02 14:06:00,28.59,12.539,0.549
2025-11-02 14:06:05,28.7,12.585,0.521
2025-11-02 14:06:10,28.62,12.594,0.512
2025-11-02 14:06:15,28.84,12.579,0.419
2025-11-02 14:06:20,29.0,12.561,0.405
2025-11-02 14:06:25,28.88,12.6,0.589
2025-11-02 14:06:30,28.73,12.564,0.539
2025-11-02 14:06:35,29.14,12.598,0.561
2025-11-02 14:06:40,28.57,12.557,0.347
2025-11-02 14:06:45,28.99,12.581,0.472
2025-11-02 14:06:50,28.9,12.6,0.464
2025-11-02 14:06:55,29.23,12.6,0.398
2025-11-02 14:07:00,28.7,12.564,0.348
2025-11-02 14:07:05,28.9,12.583,0.366
2025-11-02 14:07:10,29.55,12.6,0.387
2025-11-02 14:07:15,29.23,12.6,0.387
2025-11-02 14:07:20,29.36,12.574,0.318
2025-11-02 14:07:25,29.33,12.59,0.355
2025-11-02 14:07:30,29.28,12.6,0.376
2025-11-02 14:07:35,29.56,12.572,0.18
2025-11-02 14:07:40,29.55,12.6,0.256
2025-11-02 14:07:45,29.68,12.598,0.311
2025-11-02 14:07:50,29.48,12.6,0.319
2025-11-02 14:07:55,29.13,12.574,0.197
2025-11-02 14:08:00,29.18,12.599,0.341
2025-11-02 14:08:05,29.77,12.557,0.301
2025-11-02 14:08:10,29.68,12.586,0.201
2025-11-02 14:08:15,29.72,12.599,0.169
2025-11-02 14:08:20,29.65,12.6,0.208
2025-11-02 14:08:25,29.81,12.586,0.254
2025-11-02 14:08:30,29.58,12.563,0.178
2025-11-02 14:08:35,29.39,12.594,0.209
2025-11-02 14:08:40,29.83,12.595,0.17
2025-11-02 14:08:45,30.11,12.563,0.229
2025-11-02 14:08:50,30.05,12.593,0.263
2025-11-02 14:08:55,29.94,12.58,0.194
2025-11-02 14:09:00,29.82,12.594,0.263
2025-11-02 14:09:05,30.21,12.58,0.143
2025-11-02 14:09:10,30.02,12.561,0.213
2025-11-02 14:09:15,29.89,12.57,0.247
2025-11-02 14:09:20,30.11,12.581,0.209
2025-11-02 14:09:25,30.53,12.6,0.253
2025-11-02 14:09:30,30.39,12.559,0.173
2025-11-02 14:09:35,30.18,12.571,0.196
2025-11-02 14:09:40,30.26,12.576,0.279
2025-11-02 14:09:45,30.08,12.6,0.229
2025-11-02 14:09:50,30.12,12.6,0.153
2025-11-02 14:09:55,30.14,12.569,0.156
2025-11-02 14:10:00,30.53,12.6,0.249
2025-11-02 14:10:05,30.49,12.572,0.181
2025-11-02 14:10:10,30.43,12.6,0.249
2025-11-02 14:10:15,31.13,12.564,0.264
2025-11-02 14:10:20,30.53,12.6,0.199
2025-11-02 14:10:25,30.73,12.559,0.316
2025-11-02 14:10:30,30.93,12.545,0.269
2025-11-02 14:10:35,30.7,12.583,0.213
2025-11-02 14:10:40,30.67,12.562,0.292
2025-11-02 14:10:45,30.49,12.6,0.198
2025-11-02 14:10:50,31.16,12.594,0.244
2025-11-02 14:10:55,30.87,12.57,0.249
2025-11-02 14:11:00,31.08,12.592,0.279
2025-11-02 14:11:05,30.84,12.59,0.314
2025-11-02 14:11:10,31.18,12.595,0.259
2025-11-02 14:11:15,30.92,12.586,0.242
2025-11-02 14:11:20,31.01,12.599,0.424
2025-11-02 14:11:25,31.49,12.575,0.427
2025-11-02 14:11:30,31.38,12.6,0.361
2025-11-02 14:11:35,31.07,12.56,0.309
2025-11-02 14:11:40,30.81,12.579,0.329
2025-11-02 14:11:45,31.3,12.591,0.364
2025-11-02 14:11:50,31.31,12.586,0.449
2025-11-02 14:11:55,31.4,12.565,0.43
2025-11-02 14:12:00,31.25,12.6,0.399
2025-11-02 14:12:05,31.27,12.542,0.464
2025-11-02 14:12:10,31.16,12.577,0.428
2025-11-02 14:12:15,31.5,12.572,0.419
2025-11-02 14:12:20,31.23,12.591,0.505
2025-11-02 14:12:25,31.45,12.588,0.51
2025-11-02 14:12:30,31.22,12.597,0.565
2025-11-02 14:12:35,31.66,12.583,0.5
2025-11-02 14:12:40,31.43,12.565,0.482
2025-11-02 14:12:45,31.69,12.594,0.571
2025-11-02 14:12:50,31.79,12.587,0.604
2025-11-02 14:12:55,31.88,12.563,0.549
2025-11-02 14:13:00,31.45,12.596,0.572
2025-11-02 14:13:05,31.33,12.556,0.57
2025-11-02 14:13:10,31.62,12.545,0.595
2025-11-02 14:13:15,31.87,12.597,0.537
2025-11-02 14:13:20,31.72,12.576,0.613
2025-11-02 14:13:25,31.8,12.588,0.634
2025-11-02 14:13:30,31.72,12.56,0.692
2025-11-02 14:13:35,31.87,12.591,0.665
2025-11-02 14:13:40,31.65,12.54,0.635
2025-11-02 14:13:45,31.91,12.529,0.697
2025-11-02 14:13:50,31.86,12.566,0.684
2025-11-02 14:13:55,31.98,12.586,0.685
2025-11-02 14:14:00,31.88,12.562,0.652
2025-11-02 14:14:05,32.13,12.595,0.632
2025-11-02 14:14:10,31.92,12.553,0.725
2025-11-02 14:14:15,31.84,12.581,0.672
2025-11-02 14:14:20,32.0,12.576,0.739
2025-11-02 14:14:25,31.8,12.555,0.74
2025-11-02 14:14:30,32.28,12.59,0.731
2025-11-02 14:14:35,32.0,12.577,0.814
2025-11-02 14:14:40,32.15,12.557,0.865
2025-11-02 14:14:45,32.5,12.568,0.72
2025-11-02 14:14:50,32.04,12.596,0.797
2025-11-02 14:14:55,31.86,12.563,0.766
2025-11-02 14:15:00,32.27,12.574,0.719
2025-11-02 14:15:05,32.25,12.6,0.815
2025-11-02 14:15:10,32.55,12.578,0.826
2025-11-02 14:15:15,32.36,12.585,0.865
2025-11-02 14:15:20,32.23,12.581,0.775
2025-11-02 14:15:25,32.48,12.587,0.811
2025-11-02 14:15:30,32.32,12.56,0.849
2025-11-02 14:15:35,32.51,12.577,0.795
2025-11-02 14:15:40,32.3,12.6,0.886
2025-11-02 14:15:45,32.61,12.567,0.84
2025-11-02 14:15:50,32.24,12.6,0.822
2025-11-02 14:15:55,32.41,12.555,0.794
2025-11-02 14:16:00,32.51,12.6,0.818
2025-11-02 14:16:05,32.9,12.56,0.733
2025-11-02 14:16:10,32.6,12.595,0.84
2025-11-02 14:16:15,32.5,12.588,0.825
2025-11-02 14:16:20,32.54,12.588,0.813
2025-11-02 14:16:25,32.19,12.543,0.806
2025-11-02 14:16:30,32.63,12.563,0.713
2025-11-02 14:16:35,32.66,12.6,0.781
2025-11-02 14:16:40,32.17,12.569,0.797
2025-11-02 14:16:45,32.28,12.6,0.775
2025-11-02 14:16:50,32.43,12.571,0.764
2025-11-02 14:16:55,32.76,12.54,0.776
2025-11-02 14:17:00,32.84,12.6,0.78
2025-11-02 14:17:05,32.56,12.6,0.736
2025-11-02 14:17:10,32.79,12.596,0.762
2025-11-02 14:17:15,32.55,12.593,0.639
2025-11-02 14:17:20,32.68,12.578,0.74
2025-11-02 14:17:25,32.76,12.564,0.688
2025-11-02 14:17:30,32.6,12.577,0.707
2025-11-02 14:17:35,33.02,12.583,0.63
2025-11-02 14:17:40,32.77,12.576,0.637
2025-11-02 14:17:45,32.62,12.541,0.631
2025-11-02 14:17:50,32.69,12.59,0.654
2025-11-02 14:17:55,33.02,12.579,0.61
2025-11-02 14:18:00,32.76,12.561,0.617
2025-11-02 14:18:05,32.75,12.595,0.637
2025-11-02 14:18:10,32.86,12.567,0.638
2025-11-02 14:18:15,32.77,12.566,0.627
2025-11-02 14:18:20,32.69,12.561,0.493
2025-11-02 14:18:25,32.49,12.579,0.478
2025-11-02 14:18:30,32.96,12.584,0.592
2025-11-02 14:18:35,32.94,12.559,0.568
2025-11-02 14:18:40,32.88,12.547,0.563
2025-11-02 14:18:45,33.03,12.589,0.539
2025-11-02 14:18:50,32.53,12.548,0.5
2025-11-02 14:18:55,33.1,12.54,0.424
2025-11-02 14:19:00,33.04,12.569,0.411
2025-11-02 14:19:05,33.12,12.571,0.427
2025-11-02 14:19:10,32.96,12.547,0.454
2025-11-02 14:19:15,32.78,12.596,0.474
2025-11-02 14:19:20,33.21,12.567,0.463
2025-11-02 14:19:25,33.08,12.595,0.426
2025-11-02 14:19:30,32.97,12.573,0.413
2025-11-02 14:19:35,32.96,12.552,0.378
2025-11-02 14:19:40,32.93,12.552,0.465
2025-11-02 14:19:45,33.05,12.55,0.418
2025-11-02 14:19:50,32.91,12.558,0.314
2025-11-02 14:19:55,32.97,12.582,0.303
2025-11-02 14:20:00,33.05,12.571,0.358
2025-11-02 14:20:05,33.29,12.565,0.321
2025-11-02 14:20:10,33.11,12.574,0.308
2025-11-02 14:20:15,33.35,12.577,0.321
2025-11-02 14:20:20,32.87,12.568,0.269
2025-11-02 14:20:25,32.91,12.583,0.332
2025-11-02 14:20:30,33.14,12.548,0.273
2025-11-02 14:20:35,32.82,12.583,0.215
2025-11-02 14:20:40,33.0,12.581,0.272
2025-11-02 14:20:45,32.96,12.535,0.28
2025-11-02 14:20:50,33.14,12.566,0.232
2025-11-02 14:20:55,32.93,12.561,0.203
2025-11-02 14:21:00,33.08,12.563,0.271
2025-11-02 14:21:05,32.72,12.554,0.178
2025-11-02 14:21:10,33.0,12.528,0.208
2025-11-02 14:21:15,32.8,12.567,0.24
2025-11-02 14:21:20,33.15,12.579,0.18
2025-11-02 14:21:25,32.89,12.539,0.237
2025-11-02 14:21:30,33.04,12.581,0.214
2025-11-02 14:21:35,33.47,12.592,0.241
2025-11-02 14:21:40,33.03,12.548,0.302
2025-11-02 14:21:45,33.11,12.574,0.139
2025-11-02 14:21:50,32.89,12.596,0.276
2025-11-02 14:21:55,32.73,12.578,0.141
2025-11-02 14:22:00,32.69,12.58,0.122
2025-11-02 14:22:05,33.1,12.591,0.212
2025-11-02 14:22:10,33.26,12.566,0.208
2025-11-02 14:22:15,33.0,12.563,0.192
2025-11-02 14:22:20,32.9,12.566,0.19
2025-11-02 14:22:25,33.36,12.582,0.242
2025-11-02 14:22:30,32.92,12.578,0.239
2025-11-02 14:22:35,32.99,12.573,0.255
2025-11-02 14:22:40,33.11,12.569,0.211
2025-11-02 14:22:45,33.17,12.59,0.152
2025-11-02 14:22:50,33.06,12.562,0.235
2025-11-02 14:22:55,32.64,12.537,0.309
2025-11-02 14:23:00,32.93,12.583,0.235
2025-11-02 14:23:05,32.97,12.555,0.235
2025-11-02 14:23:10,32.88,12.592,0.269
2025-11-02 14:23:15,32.88,12.547,0.333
2025-11-02 14:23:20,32.82,12.587,0.307
2025-11-02 14:23:25,32.73,12.557,0.311
2025-11-02 14:23:30,32.84,12.566,0.251
2025-11-02 14:23:35,32.67,12.56,0.322
2025-11-02 14:23:40,33.06,12.572,0.418
2025-11-02 14:23:45,32.87,12.556,0.353
2025-11-02 14:23:50,32.97,12.569,0.249
2025-11-02 14:23:55,33.17,12.542,0.326
2025-11-02 14:24:00,32.73,12.563,0.372
2025-11-02 14:24:05,32.36,12.556,0.387
2025-11-02 14:24:10,32.98,12.542,0.31
2025-11-02 14:24:15,32.44,12.57,0.376
2025-11-02 14:24:20,32.46,12.57,0.371
2025-11-02 14:24:25,32.87,12.6,0.345
2025-11-02 14:24:30,32.46,12.538,0.413
2025-11-02 14:24:35,32.86,12.543,0.414
2025-11-02 14:24:40,32.63,12.568,0.402
2025-11-02 14:24:45,32.28,12.575,0.447
2025-11-02 14:24:50,32.52,12.561,0.444
2025-11-02 14:24:55,32.62,12.573,0.521
2025-11-02 14:25:00,32.96,12.515,0.486
2025-11-02 14:25:05,32.94,12.56,0.375
2025-11-02 14:25:10,32.67,12.544,0.594
2025-11-02 14:25:15,32.83,12.555,0.469
2025-11-02 14:25:20,32.53,12.569,0.608
2025-11-02 14:25:25,32.44,12.578,0.471
2025-11-02 14:25:30,32.49,12.537,0.577
2025-11-02 14:25:35,32.8,12.579,0.644
2025-11-02 14:25:40,32.48,12.544,0.612
2025-11-02 14:25:45,32.33,12.571,0.577
2025-11-02 14:25:50,32.46,12.6,0.55
2025-11-02 14:25:55,32.6,12.544,0.595
2025-11-02 14:26:00,32.32,12.576,0.578
2025-11-02 14:26:05,32.62,12.564,0.765
2025-11-02 14:26:10,32.13,12.551,0.619
2025-11-02 14:26:15,32.5,12.595,0.661
2025-11-02 14:26:20,32.52,12.547,0.763
2025-11-02 14:26:25,32.09,12.597,0.685
2025-11-02 14:26:30,32.05,12.554,0.711
2025-11-02 14:26:35,32.35,12.564,0.623
2025-11-02 14:26:40,32.02,12.55,0.689
2025-11-02 14:26:45,32.32,12.551,0.667
2025-11-02 14:26:50,32.38,12.538,0.707
2025-11-02 14:26:55,32.54,12.516,0.72
2025-11-02 14:27:00,32.57,12.544,0.79
2025-11-02 14:27:05,32.24,12.528,0.7
2025-11-02 14:27:10,32.26,12.548,0.722
2025-11-02 14:27:15,32.11,12.575,0.728
2025-11-02 14:27:20,32.12,12.564,0.781
2025-11-02 14:27:25,31.83,12.536,0.771
2025-11-02 14:27:30,32.0,12.59,0.829
2025-11-02 14:27:35,32.15,12.539,0.731
2025-11-02 14:27:40,31.69,12.581,0.781
2025-11-02 14:27:45,31.69,12.539,0.778
2025-11-02 14:27:50,32.2,12.552,0.756
2025-11-02 14:27:55,31.73,12.54,0.808
2025-11-02 14:28:00,31.97,12.535,0.897
2025-11-02 14:28:05,31.83,12.572,0.732
2025-11-02 14:28:10,31.98,12.572,0.856
2025-11-02 14:28:15,31.62,12.527,0.842
2025-11-02 14:28:20,31.62,12.559,0.786
2025-11-02 14:28:25,31.5,12.557,0.835
2025-11-02 14:28:30,31.42,12.538,0.782
2025-11-02 14:28:35,31.86,12.562,0.766
2025-11-02 14:28:40,32.03,12.549,0.826
2025-11-02 14:28:45,31.42,12.534,0.855
2025-11-02 14:28:50,31.73,12.533,0.79
2025-11-02 14:28:55,31.76,12.59,0.74
2025-11-02 14:29:00,31.6,12.551,0.781
2025-11-02 14:29:05,31.62,12.531,0.739
2025-11-02 14:29:10,31.22,12.555,0.689
2025-11-02 14:29:15,31.36,12.553,0.673
2025-11-02 14:29:20,31.68,12.564,0.783
2025-11-02 14:29:25,31.62,12.552,0.874
2025-11-02 14:29:30,31.86,12.554,0.708
2025-11-02 14:29:35,31.39,12.568,0.734
2025-11-02 14:29:40,31.39,12.55,0.755
2025-11-02 14:29:45,31.63,12.539,0.783
2025-11-02 14:29:50,31.3,12.525,0.737
2025-11-02 14:29:55,31.3,12.532,0.7
2025-11-02 14:30:00,31.27,12.554,0.65
2025-11-02 14:30:05,31.26,12.522,0.61
2025-11-02 14:30:10,31.24,12.561,0.654
2025-11-02 14:30:15,30.89,12.584,0.677
2025-11-02 14:30:20,31.39,12.536,0.694
2025-11-02 14:30:25,30.96,12.556,0.646
2025-11-02 14:30:30,31.25,12.555,0.633
2025-11-02 14:30:35,30.89,12.527,0.722
2025-11-02 14:30:40,30.96,12.571,0.531
2025-11-02 14:30:45,31.1,12.556,0.598
2025-11-02 14:30:50,30.88,12.55,0.618
2025-11-02 14:30:55,31.44,12.552,0.542
2025-11-02 14:31:00,30.64,12.593,0.61
2025-11-02 14:31:05,30.88,12.528,0.599
2025-11-02 14:31:10,30.44,12.566,0.669
2025-11-02 14:31:15,30.66,12.559,0.465
2025-11-02 14:31:20,30.75,12.552,0.537
2025-11-02 14:31:25,30.32,12.563,0.479
2025-11-02 14:31:30,30.54,12.581,0.468
2025-11-02 14:31:35,30.44,12.524,0.422
2025-11-02 14:31:40,30.55,12.541,0.423
2025-11-02 14:31:45,30.56,12.554,0.516
2025-11-02 14:31:50,30.57,12.558,0.455
2025-11-02 14:31:55,30.34,12.548,0.353
2025-11-02 14:32:00,30.48,12.566,0.491
2025-11-02 14:32:05,30.51,12.536,0.42
2025-11-02 14:32:10,30.22,12.551,0.389
2025-11-02 14:32:15,30.36,12.559,0.383
2025-11-02 14:32:20,30.07,12.577,0.308
2025-11-02 14:32:25,30.45,12.542,0.5
2025-11-02 14:32:30,30.26,12.59,0.352
2025-11-02 14:32:35,30.18,12.536,0.402
2025-11-02 14:32:40,29.95,12.562,0.327
2025-11-02 14:32:45,30.03,12.54,0.313
2025-11-02 14:32:50,30.0,12.578,0.341
2025-11-02 14:32:55,29.89,12.533,0.307
2025-11-02 14:33:00,29.81,12.568,0.367
2025-11-02 14:33:05,30.18,12.526,0.288
2025-11-02 14:33:10,29.76,12.548,0.238
2025-11-02 14:33:15,29.65,12.594,0.212
2025-11-02 14:33:20,29.86,12.541,0.363
2025-11-02 14:33:25,29.37,12.572,0.227
2025-11-02 14:33:30,29.99,12.57,0.273
2025-11-02 14:33:35,29.65,12.535,0.288
2025-11-02 14:33:40,29.54,12.523,0.31
2025-11-02 14:33:45,29.73,12.558,0.249
2025-11-02 14:33:50,29.78,12.567,0.22
2025-11-02 14:33:55,29.5,12.564,0.227
2025-11-02 14:34:00,29.18,12.547,0.224
2025-11-02 14:34:05,29.53,12.549,0.254
2025-11-02 14:34:10,29.43,12.588,0.251
2025-11-02 14:34:15,29.87,12.56,0.202
2025-11-02 14:34:20,29.34,12.542,0.124
2025-11-02 14:34:25,29.51,12.537,0.216
2025-11-02 14:34:30,29.28,12.544,0.148
2025-11-02 14:34:35,29.08,12.556,0.242
2025-11-02 14:34:40,29.03,12.535,0.173
2025-11-02 14:34:45,29.14,12.535,0.136
2025-11-02 14:34:50,29.24,12.528,0.239
2025-11-02 14:34:55,28.99,12.557,0.226
2025-11-02 14:35:00,28.96,12.536,0.314
2025-11-02 14:35:05,28.92,12.549,0.148
2025-11-02 14:35:10,29.18,12.58,0.141
2025-11-02 14:35:15,28.74,12.544,0.273
2025-11-02 14:35:20,28.56,12.519,0.245
2025-11-02 14:35:25,28.45,12.598,0.23
2025-11-02 14:35:30,28.67,12.541,0.21
2025-11-02 14:35:35,28.82,12.514,0.183
2025-11-02 14:35:40,28.61,12.544,0.196
2025-11-02 14:35:45,28.34,12.557,0.186
2025-11-02 14:35:50,28.32,12.54,0.238
2025-11-02 14:35:55,28.71,12.543,0.317
2025-11-02 14:36:00,28.39,12.546,0.259
2025-11-02 14:36:05,28.1,12.547,0.203
2025-11-02 14:36:10,28.28,12.545,0.302
2025-11-02 14:36:15,28.08,12.537,0.294
2025-11-02 14:36:20,28.34,12.544,0.212
2025-11-02 14:36:25,27.82,12.547,0.388
2025-11-02 14:36:30,28.36,12.529,0.272
2025-11-02 14:36:35,28.13,12.532,0.274
2025-11-02 14:36:40,27.84,12.519,0.412
2025-11-02 14:36:45,27.84,12.517,0.307
2025-11-02 14:36:50,28.4,12.572,0.351
2025-11-02 14:36:55,27.94,12.553,0.351
2025-11-02 14:37:00,27.78,12.568,0.449
2025-11-02 14:37:05,27.78,12.551,0.405
2025-11-02 14:37:10,27.71,12.576,0.474
2025-11-02 14:37:15,27.72,12.553,0.466
2025-11-02 14:37:20,27.36,12.538,0.354
2025-11-02 14:37:25,27.72,12.555,0.442
2025-11-02 14:37:30,27.52,12.535,0.511
2025-11-02 14:37:35,27.94,12.514,0.453
2025-11-02 14:37:40,27.3,12.541,0.504
2025-11-02 14:37:45,27.23,12.539,0.39
2025-11-02 14:37:50,27.6,12.562,0.558
2025-11-02 14:37:55,27.42,12.535,0.536
2025-11-02 14:38:00,27.26,12.526,0.575
2025-11-02 14:38:05,27.08,12.555,0.558
2025-11-02 14:38:10,27.13,12.529,0.5
2025-11-02 14:38:15,27.46,12.545,0.675
2025-11-02 14:38:20,27.09,12.532,0.55
2025-11-02 14:38:25,26.88,12.554,0.529
2025-11-02 14:38:30,27.19,12.526,0.677
2025-11-02 14:38:35,26.75,12.553,0.667
2025-11-02 14:38:40,26.89,12.593,0.602
2025-11-02 14:38:45,26.94,12.517,0.704
2025-11-02 14:38:50,26.8,12.527,0.612
2025-11-02 14:38:55,26.81,12.519,0.583
2025-11-02 14:39:00,26.68,12.551,0.684
2025-11-02 14:39:05,26.66,12.552,0.699
2025-11-02 14:39:10,26.4,12.568,0.629
2025-11-02 14:39:15,26.61,12.582,0.749
2025-11-02 14:39:20,26.6,12.537,0.672
2025-11-02 14:39:25,26.18,12.535,0.72
2025-11-02 14:39:30,26.51,12.559,0.721
2025-11-02 14:39:35,26.35,12.58,0.775
2025-11-02 14:39:40,26.03,12.541,0.797
2025-11-02 14:39:45,26.25,12.552,0.775
2025-11-02 14:39:50,26.28,12.566,0.809
2025-11-02 14:39:55,26.27,12.546,0.874
2025-11-02 14:40:00,26.19,12.539,0.664
2025-11-02 14:40:05,26.16,12.558,0.811
2025-11-02 14:40:10,25.91,12.562,0.822
2025-11-02 14:40:15,25.85,12.537,0.784
2025-11-02 14:40:20,26.13,12.533,0.778
2025-11-02 14:40:25,26.13,12.6,0.764
2025-11-02 14:40:30,26.01,12.548,0.802
2025-11-02 14:40:35,25.79,12.549,0.808
2025-11-02 14:40:40,25.7,12.594,0.746
2025-11-02 14:40:45,25.86,12.555,0.932
2025-11-02 14:40:50,25.98,12.518,0.672
2025-11-02 14:40:55,25.42,12.524,0.774
2025-11-02 14:41:00,25.61,12.555,0.813
2025-11-02 14:41:05,25.34,12.527,0.794
2025-11-02 14:41:10,24.89,12.481,0.782
2025-11-02 14:41:15,25.53,12.555,0.856
2025-11-02 14:41:20,25.4,12.567,0.811
2025-11-02 14:41:25,25.26,12.53,0.787
2025-11-02 14:41:30,25.39,12.545,0.826
2025-11-02 14:41:35,25.19,12.501,0.789
2025-11-02 14:41:40,25.58,12.568,0.746
2025-11-02 14:41:45,25.06,12.543,0.706
2025-11-02 14:41:50,25.16,12.558,0.748
2025-11-02 14:41:55,24.7,12.545,0.633
2025-11-02 14:42:00,24.98,12.578,0.701
2025-11-02 14:42:05,24.88,12.557,0.703
2025-11-02 14:42:10,24.85,12.548,0.735
2025-11-02 14:42:15,24.93,12.556,0.782
2025-11-02 14:42:20,24.75,12.517,0.668
2025-11-02 14:42:25,24.76,12.531,0.778
2025-11-02 14:42:30,24.45,12.531,0.818
2025-11-02 14:42:35,24.99,12.523,0.595
2025-11-02 14:42:40,24.86,12.539,0.663
2025-11-02 14:42:45,24.56,12.521,0.655
2025-11-02 14:42:50,24.32,12.561,0.654
2025-11-02 14:42:55,24.28,12.544,0.646
2025-11-02 14:43:00,23.92,12.55,0.651
2025-11-02 14:43:05,24.14,12.532,0.649
2025-11-02 14:43:10,24.25,12.546,0.588
2025-11-02 14:43:15,24.1,12.518,0.553
2025-11-02 14:43:20,24.27,12.525,0.641
2025-11-02 14:43:25,24.08,12.517,0.551
2025-11-02 14:43:30,23.8,12.522,0.474
2025-11-02 14:43:35,24.31,12.505,0.617
2025-11-02 14:43:40,24.08,12.534,0.708
2025-11-02 14:43:45,24.24,12.537,0.545
2025-11-02 14:43:50,23.93,12.535,0.53
2025-11-02 14:43:55,24.06,12.548,0.517
2025-11-02 14:44:00,23.45,12.506,0.476
2025-11-02 14:44:05,23.88,12.56,0.53
2025-11-02 14:44:10,23.47,12.543,0.531
2025-11-02 14:44:15,23.47,12.509,0.537
2025-11-02 14:44:20,23.71,12.523,0.488
2025-11-02 14:44:25,23.42,12.542,0.438
2025-11-02 14:44:30,23.54,12.498,0.399
2025-11-02 14:44:35,23.65,12.532,0.439
2025-11-02 14:44:40,23.54,12.525,0.36
2025-11-02 14:44:45,23.46,12.562,0.368
2025-11-02 14:44:50,23.03,12.527,0.38
2025-11-02 14:44:55,23.06,12.53,0.405
2025-11-02 14:45:00,22.88,12.525,0.457
2025-11-02 14:45:05,23.33,12.508,0.346
2025-11-02 14:45:10,22.94,12.532,0.293
2025-11-02 14:45:15,23.14,12.495,0.376
2025-11-02 14:45:20,23.09,12.525,0.313
2025-11-02 14:45:25,22.7,12.526,0.356
2025-11-02 14:45:30,23.16,12.521,0.347
2025-11-02 14:45:35,23.12,12.505,0.293
2025-11-02 14:45:40,22.84,12.523,0.359
2025-11-02 14:45:45,22.35,12.481,0.244
2025-11-02 14:45:50,22.5,12.527,0.309
2025-11-02 14:45:55,22.52,12.566,0.317
2025-11-02 14:46:00,22.34,12.483,0.298
2025-11-02 14:46:05,22.56,12.513,0.295
2025-11-02 14:46:10,22.78,12.545,0.226
2025-11-02 14:46:15,22.65,12.541,0.248
2025-11-02 14:46:20,22.55,12.465,0.183
2025-11-02 14:46:25,22.32,12.547,0.199
2025-11-02 14:46:30,21.97,12.522,0.254
2025-11-02 14:46:35,21.9,12.526,0.213
2025-11-02 14:46:40,22.2,12.515,0.219
2025-11-02 14:46:45,22.04,12.514,0.206
2025-11-02 14:46:50,21.83,12.541,0.194
2025-11-02 14:46:55,21.92,12.544,0.218
2025-11-02 14:47:00,21.84,12.546,0.175
2025-11-02 14:47:05,22.19,12.561,0.234
2025-11-02 14:47:10,21.95,12.515,0.229
2025-11-02 14:47:15,22.16,12.539,0.172
2025-11-02 14:47:20,22.04,12.534,0.194
2025-11-02 14:47:25,21.81,12.496,0.328
2025-11-02 14:47:30,21.83,12.509,0.164
2025-11-02 14:47:35,21.42,12.55,0.25
2025-11-02 14:47:40,21.53,12.543,0.277
2025-11-02 14:47:45,21.68,12.529,0.223
2025-11-02 14:47:50,21.17,12.521,0.161
2025-11-02 14:47:55,21.45,12.513,0.275
2025-11-02 14:48:00,21.19,12.519,0.282
2025-11-02 14:48:05,21.23,12.538,0.285
2025-11-02 14:48:10,21.55,12.488,0.259
2025-11-02 14:48:15,21.19,12.534,0.195
2025-11-02 14:48:20,21.15,12.526,0.228
2025-11-02 14:48:25,21.19,12.536,0.382
2025-11-02 14:48:30,20.87,12.515,0.168
2025-11-02 14:48:35,21.54,12.523,0.329
2025-11-02 14:48:40,21.2,12.523,0.249
2025-11-02 14:48:45,20.85,12.556,0.337
2025-11-02 14:48:50,21.08,12.525,0.305
2025-11-02 14:48:55,20.87,12.553,0.325
2025-11-02 14:49:00,21.09,12.522,0.343
2025-11-02 14:49:05,20.79,12.544,0.343
2025-11-02 14:49:10,21.09,12.554,0.338
2025-11-02 14:49:15,20.66,12.551,0.256
2025-11-02 14:49:20,20.88,12.516,0.358
2025-11-02 14:49:25,21.09,12.507,0.452
2025-11-02 14:49:30,20.76,12.548,0.422
2025-11-02 14:49:35,20.86,12.493,0.451
2025-11-02 14:49:40,20.95,12.495,0.413
2025-11-02 14:49:45,20.65,12.51,0.414
2025-11-02 14:49:50,20.69,12.524,0.492
2025-11-02 14:49:55,20.47,12.513,0.414
2025-11-02 14:50:00,20.26,12.55,0.499
2025-11-02 14:50:05,20.41,12.538,0.518
2025-11-02 14:50:10,20.03,12.527,0.534
2025-11-02 14:50:15,20.03,12.512,0.529
2025-11-02 14:50:20,20.61,12.52,0.498
2025-11-02 14:50:25,20.39,12.53,0.523
2025-11-02 14:50:30,20.05,12.537,0.46
2025-11-02 14:50:35,20.32,12.53,0.586
2025-11-02 14:50:40,19.91,12.541,0.537
2025-11-02 14:50:45,19.84,12.503,0.596
2025-11-02 14:50:50,19.83,12.537,0.56
2025-11-02 14:50:55,19.53,12.535,0.626
2025-11-02 14:51:00,19.68,12.535,0.728
2025-11-02 14:51:05,20.02,12.51,0.616
2025-11-02 14:51:10,19.92,12.527,0.625
2025-11-02 14:51:15,20.16,12.517,0.632
2025-11-02 14:51:20,19.78,12.536,0.721
2025-11-02 14:51:25,19.59,12.529,0.59
2025-11-02 14:51:30,19.63,12.572,0.634
2025-11-02 14:51:35,19.44,12.511,0.612
2025-11-02 14:51:40,19.77,12.525,0.698
2025-11-02 14:51:45,19.58,12.535,0.734
2025-11-02 14:51:50,19.81,12.523,0.759
2025-11-02 14:51:55,19.35,12.547,0.727
2025-11-02 14:52:00,19.33,12.522,0.712
2025-11-02 14:52:05,19.33,12.554,0.645
2025-11-02 14:52:10,19.69,12.488,0.791
2025-11-02 14:52:15,19.26,12.515,0.789
2025-11-02 14:52:20,19.62,12.553,0.768
2025-11-02 14:52:25,18.96,12.521,0.813
2025-11-02 14:52:30,19.52,12.552,0.816
2025-11-02 14:52:35,18.85,12.511,0.742
2025-11-02 14:52:40,19.31,12.553,0.839
2025-11-02 14:52:45,19.46,12.527,0.824
2025-11-02 14:52:50,18.97,12.517,0.781
2025-11-02 14:52:55,19.2,12.507,0.747
2025-11-02 14:53:00,19.0,12.511,0.703
2025-11-02 14:53:05,19.23,12.5,0.82
2025-11-02 14:53:10,19.27,12.491,0.89
2025-11-02 14:53:15,18.73,12.474,0.835
2025-11-02 14:53:20,18.99,12.501,0.856
2025-11-02 14:53:25,18.6,12.554,0.824
2025-11-02 14:53:30,18.77,12.507,0.833
2025-11-02 14:53:35,18.89,12.511,0.793
2025-11-02 14:53:40,19.03,12.556,0.765
2025-11-02 14:53:45,18.52,12.502,0.81
2025-11-02 14:53:50,18.88,12.521,0.818
2025-11-02 14:53:55,18.76,12.518,0.825
2025-11-02 14:54:00,18.86,12.528,0.755
2025-11-02 14:54:05,18.84,12.519,0.883
2025-11-02 14:54:10,18.98,12.536,0.787
2025-11-02 14:54:15,18.56,12.5,0.775
2025-11-02 14:54:20,18.49,12.52,0.763
2025-11-02 14:54:25,18.41,12.524,0.75
2025-11-02 14:54:30,18.53,12.496,0.761
2025-11-02 14:54:35,18.45,12.528,0.708
2025-11-02 14:54:40,18.28,12.527,0.806
2025-11-02 14:54:45,18.28,12.505,0.745
2025-11-02 14:54:50,18.34,12.531,0.742
2025-11-02 14:54:55,18.51,12.506,0.766
2025-11-02 14:55:00,18.2,12.529,0.688
2025-11-02 14:55:05,17.78,12.492,0.717
2025-11-02 14:55:10,18.23,12.566,0.655
2025-11-02 14:55:15,18.05,12.487,0.643
2025-11-02 14:55:20,18.24,12.52,0.648
2025-11-02 14:55:25,17.94,12.545,0.608
2025-11-02 14:55:30,18.1,12.503,0.675
2025-11-02 14:55:35,18.25,12.528,0.606
2025-11-02 14:55:40,18.16,12.512,0.58
2025-11-02 14:55:45,17.99,12.498,0.635
2025-11-02 14:55:50,18.25,12.512,0.728
2025-11-02 14:55:55,17.61,12.519,0.598
2025-11-02 14:56:00,17.83,12.48,0.614
2025-11-02 14:56:05,18.39,12.534,0.589
2025-11-02 14:56:10,17.92,12.516,0.538
2025-11-02 14:56:15,17.86,12.524,0.574
2025-11-02 14:56:20,17.94,12.513,0.58
2025-11-02 14:56:25,18.11,12.523,0.551
2025-11-02 14:56:30,17.84,12.496,0.509
2025-11-02 14:56:35,17.7,12.523,0.486
2025-11-02 14:56:40,17.98,12.496,0.595
2025-11-02 14:56:45,17.71,12.479,0.459
2025-11-02 14:56:50,17.92,12.513,0.461
2025-11-02 14:56:55,17.8,12.511,0.428
2025-11-02 14:57:00,17.61,12.514,0.437
2025-11-02 14:57:05,17.49,12.522,0.418
2025-11-02 14:57:10,17.6,12.541,0.305
2025-11-02 14:57:15,17.96,12.492,0.406
2025-11-02 14:57:20,17.71,12.5,0.396
2025-11-02 14:57:25,17.51,12.508,0.306
2025-11-02 14:57:30,17.76,12.523,0.366
2025-11-02 14:57:35,17.67,12.521,0.365
2025-11-02 14:57:40,17.83,12.507,0.33
2025-11-02 14:57:45,17.87,12.483,0.385
2025-11-02 14:57:50,17.68,12.514,0.404
2025-11-02 14:57:55,17.7,12.53,0.28
2025-11-02 14:58:00,17.47,12.528,0.359
2025-11-02 14:58:05,17.29,12.524,0.283
2025-11-02 14:58:10,17.14,12.52,0.319
2025-11-02 14:58:15,17.62,12.489,0.349
2025-11-02 14:58:20,17.48,12.485,0.27
2025-11-02 14:58:25,17.56,12.509,0.242
2025-11-02 14:58:30,17.76,12.514,0.211
2025-11-02 14:58:35,16.97,12.499,0.32
2025-11-02 14:58:40,17.57,12.485,0.304
2025-11-02 14:58:45,17.18,12.502,0.166
2025-11-02 14:58:50,17.73,12.568,0.267
2025-11-02 14:58:55,17.45,12.494,0.22
2025-11-02 14:59:00,17.37,12.549,0.157
2025-11-02 14:59:05,17.21,12.53,0.205
2025-11-02 14:59:10,17.37,12.499,0.203
2025-11-02 14:59:15,17.48,12.508,0.268
2025-11-02 14:59:20,17.45,12.525,0.159
2025-11-02 14:59:25,16.81,12.496,0.302
2025-11-02 14:59:30,17.02,12.496,0.2
2025-11-02 14:59:35,17.0,12.543,0.312
2025-11-02 14:59:40,17.22,12.516,0.26
2025-11-02 14:59:45,16.87,12.492,0.202
2025-11-02 14:59:50,17.41,12.493,0.119
2025-11-02 14:59:55,17.2,12.536,0.243
